{"links_info":null,"nodes_info":null,"sockets_info":null,"nodes":null,"selection":null,"view":{"scroll":{"x":1222.438720703125,"y":-112.367179870605469},"visible_rect":{"max":{"x":1089.9879150390625,"y":193.353225708007812},"min":{"x":430.037017822265625,"y":-39.5292205810546875}},"zoom":2.8426358699798584}}