{"links_info":null,"nodes_info":null,"sockets_info":null,"nodes":null,"selection":null,"view":{"scroll":{"x":-544.25445556640625,"y":-146.53131103515625},"visible_rect":{"max":{"x":1318.767333984375,"y":448.913360595703125},"min":{"x":-815.855224609375,"y":-219.655227661132812}},"zoom":0.667096853256225586}}