{"links_info":null,"nodes_info":null,"sockets_info":null,"nodes":null,"selection":null,"view":{"scroll":{"x":-388.498260498046875,"y":-122.888053894042969},"visible_rect":{"max":{"x":4143.412109375,"y":1292.88623046875},"min":{"x":-1554.520263671875,"y":-491.718994140625}},"zoom":0.249915212392807007}}