{
    "links_info": null,
    "nodes_info": null,
    "sockets_info": null,
    "nodes": null,
    "selection": null,
    "view": {
        "scroll": {
            "x": -664.87884521484375,
            "y": -104.811103820800781
        },
        "visible_rect": {
            "max": {
                "x": 1309.4501953125,
                "y": 551.579833984375
            },
            "min": {
                "x": -941.09368896484375,
                "y": -148.35345458984375
            }
        },
        "zoom": 0.706495881080627441
    }
}