{"links_info":null,"nodes_info":null,"sockets_info":null,"nodes":null,"selection":null,"view":{"scroll":{"x":-552.518798828125,"y":-85.3035202026367188},"visible_rect":{"max":{"x":2343.868408203125,"y":924.453125},"min":{"x":-1248.24560546875,"y":-192.716964721679688}},"zoom":0.442636251449584961}}