{"links_info":null,"nodes_info":null,"sockets_info":null,"nodes":null,"selection":null,"view":{"scroll":{"x":795.0765380859375,"y":-82.3322906494140625},"visible_rect":{"max":{"x":869.6058349609375,"y":225.314971923828125},"min":{"x":395.7486572265625,"y":-40.9808273315429688}},"zoom":2.00904417037963867}}