{"links_info":null,"nodes_info":null,"sockets_info":null,"nodes":null,"selection":null,"view":{"scroll":{"x":80.1882705688476562,"y":-139.422821044921875},"visible_rect":{"max":{"x":1740.7646484375,"y":667.1329345703125},"min":{"x":135.23590087890625,"y":-235.133773803710938}},"zoom":0.592951059341430664}}